rank_total,sum_total,sum_mean,sum_median,test_para,predict_vector
1,457558,28597.375,13298.5,28597.375,28597.375
2,2163809,42427.6274509804,10375,42427.6274509804,42427.6274509804
