PkName,DAUPR
com.tencent.mm,0.9468307765467564,0.93226714301604141,0.94251452040856598,0.94376280653372902
