PkName,DInsPR
com.tencent.mm,1.0091370894774634,0.99377016615806602,1.0047045090927271,1.0060346488874452
